{
  "tau_s": [
    0.05,
    0.1,
    0.15,
    0.2,
    0.25,
    0.35,
    0.5,
    0.7,
    0.95,
    1.25,
    1.7,
    2.3,
    3.05,
    4.15,
    5.55,
    7.5
  ],
  "adev": [
    0.04500125620419307,
    0.03382529707064858,
    0.027708098475299623,
    0.024257368327669476,
    0.022926270930575154,
    0.024521904955859052,
    0.029495072442541424,
    0.037528698586780276,
    0.04968574871550788,
    0.06397513951211578,
    0.08483496383964943,
    0.11274424509970112,
    0.14365693409229072,
    0.18709961788531806,
    0.2319335308801122,
    0.2825034840755755
  ],
  "input": "outputs/demo_expanded/measurements.csv",
  "column": "ax",
  "sample_rate_hz": 20.0,
  "sample_count": 1201
}