{
  "position_rmse_m": 2.2686961379699726,
  "velocity_rmse_mps": 0.949250745293669,
  "bias_rmse_mps2": 0.11085305199413263,
  "final_position_error_m": 1.3903571564228487,
  "final_velocity_error_mps": 0.15618739860645883,
  "max_position_error_m": 6.743803690654625,
  "max_error_during_dropout_m": 4.86075398377885,
  "dropout_recovery_time_s": 0.0,
  "nis_mean": 5.048403066471734,
  "nis_p95": 9.694092735409564,
  "mean_nees_position": 5.334708348093552,
  "accepted_updates": 352,
  "rejected_updates": 1,
  "invalid_measurements": 9,
  "residual_mean": 1.0592318176394524,
  "residual_std": 2.6651695267725377,
  "mean_covariance_trace": 4.954195740058696,
  "final_covariance_trace": 1.0365903333562678,
  "diverged": false,
  "updates_by_sensor": {
    "gps": {
      "accepted": 51,
      "rejected": 1
    },
    "barometer": {
      "accepted": 301,
      "rejected": 0
    }
  },
  "filter": "ekf",
  "profile": "aggressive",
  "mode": "ekf"
}