{
  "position_rmse_m": 2.0077740961003245,
  "velocity_rmse_mps": 0.6824727351288641,
  "bias_rmse_mps2": 0.07127749108319717,
  "final_position_error_m": 1.3710396180493094,
  "final_velocity_error_mps": 0.24967427818360186,
  "max_position_error_m": 6.400003492456879,
  "max_error_during_dropout_m": 4.446174316736554,
  "dropout_recovery_time_s": 0.0,
  "nis_mean": 1.4512763886336644,
  "nis_p95": 2.426506741080349,
  "mean_nees_position": 1.212720810301962,
  "accepted_updates": 352,
  "rejected_updates": 1,
  "invalid_measurements": 9,
  "residual_mean": 1.0487069833480809,
  "residual_std": 2.655985888274946,
  "mean_covariance_trace": 19.147024683485302,
  "final_covariance_trace": 4.95268983917178,
  "diverged": false,
  "updates_by_sensor": {
    "gps": {
      "accepted": 51,
      "rejected": 1
    },
    "barometer": {
      "accepted": 301,
      "rejected": 0
    }
  },
  "filter": "ekf",
  "profile": "high_bias",
  "mode": "ekf"
}