{
  "position_rmse_m": 2.0388545762852432,
  "velocity_rmse_mps": 0.6514480719620995,
  "bias_rmse_mps2": 0.06671942612944441,
  "final_position_error_m": 1.3105561981665608,
  "final_velocity_error_mps": 0.215907319171928,
  "max_position_error_m": 6.335382213525878,
  "max_error_during_dropout_m": 4.713801526305151,
  "dropout_recovery_time_s": 0.0,
  "nis_mean": 1.2445197611389642,
  "nis_p95": 2.1753317989147094,
  "mean_nees_position": 1.032349677768823,
  "accepted_updates": 352,
  "rejected_updates": 1,
  "invalid_measurements": 9,
  "residual_mean": 1.0450275722603546,
  "residual_std": 2.649487602885375,
  "mean_covariance_trace": 24.33540238187864,
  "final_covariance_trace": 5.2646899838580286,
  "diverged": false,
  "updates_by_sensor": {
    "gps": {
      "accepted": 51,
      "rejected": 1
    },
    "barometer": {
      "accepted": 301,
      "rejected": 0
    }
  },
  "filter": "ekf",
  "profile": "dropout_robust",
  "mode": "ekf"
}