{
  "count": 353,
  "residual_mean": [
    0.006881338485407836,
    0.0030866277648209455,
    0.13558926939707655
  ],
  "residual_std": [
    2.5278909975195694,
    0.05992164009650466,
    1.3287454144807707
  ],
  "covariance": [
    [
      6.390232895340485,
      -0.0030436807479502707,
      2.4469098037850006
    ],
    [
      -0.0030436807479502707,
      0.003590602951855004,
      0.0021470803856877513
    ],
    [
      2.4469098037850006,
      0.0021470803856877513,
      1.7655643765036713
    ]
  ],
  "residual_norm_autocorrelation": [
    1.0,
    -0.02650010733837606,
    -0.011265053004463637,
    -0.02596014907509802,
    -0.02695032259675525,
    0.008557702464181633,
    0.15280285311034233,
    -0.021957358939581145,
    -0.030469138701799018,
    -0.0212839478873666,
    -0.023007925378763998,
    -0.029467258240079657,
    0.1439104068730748,
    -0.02857972469761741,
    -0.005473840187146941,
    -0.037938651419794335,
    -0.02053873694564102,
    -0.025930961031406043,
    0.15529715594197716,
    -0.03572755858359301,
    -0.01889241925040738
  ],
  "input": "outputs/demo_expanded/innovations_ekf_nominal.csv"
}