{
  "position_rmse_m": 3.6355873501781937,
  "velocity_rmse_mps": 1.915039346518933,
  "bias_rmse_mps2": 0.25330398763730905,
  "final_position_error_m": 1.398211946874231,
  "final_velocity_error_mps": 0.06275618741331726,
  "max_position_error_m": 13.133552692985928,
  "max_error_during_dropout_m": 0.0,
  "dropout_recovery_time_s": 0.0,
  "nis_mean": 4.38056371606976,
  "nis_p95": 4.094662832261024,
  "mean_nees_position": 3.9361629141555627,
  "accepted_updates": 270,
  "rejected_updates": 2,
  "invalid_measurements": 0,
  "residual_mean": 1.3732237443824444,
  "residual_std": 4.204308515941588,
  "mean_covariance_trace": 8.193662309426765,
  "final_covariance_trace": 2.556798590770845,
  "diverged": false,
  "updates_by_sensor": {
    "gps": {
      "accepted": 44,
      "rejected": 2
    },
    "barometer": {
      "accepted": 226,
      "rejected": 0
    }
  },
  "filter": "ekf",
  "profile": "nominal",
  "mode": "ekf"
}