{
  "position_rmse_m": 3.4272858095164906,
  "velocity_rmse_mps": 1.6361380506990846,
  "bias_rmse_mps2": 0.20733101560914088,
  "final_position_error_m": 1.1826069044212977,
  "final_velocity_error_mps": 0.040801286185016744,
  "max_position_error_m": 12.28366785868183,
  "max_error_during_dropout_m": 0.0,
  "dropout_recovery_time_s": 0.0,
  "nis_mean": 2.646838980738363,
  "nis_p95": 2.324149779296289,
  "mean_nees_position": 2.2028904706085113,
  "accepted_updates": 270,
  "rejected_updates": 2,
  "invalid_measurements": 0,
  "residual_mean": 1.366741566075395,
  "residual_std": 4.190384338692975,
  "mean_covariance_trace": 12.298138832932159,
  "final_covariance_trace": 5.136749187787148,
  "diverged": false,
  "updates_by_sensor": {
    "gps": {
      "accepted": 44,
      "rejected": 2
    },
    "barometer": {
      "accepted": 226,
      "rejected": 0
    }
  },
  "filter": "ekf",
  "profile": "dropout_robust",
  "mode": "ekf"
}