{
  "position_rmse_m": 1.027961580104756,
  "velocity_rmse_mps": 0.42376436488617203,
  "bias_rmse_mps2": 0.08167539906460317,
  "final_position_error_m": 1.1785143873516157,
  "final_velocity_error_mps": 0.1516527017559888,
  "max_position_error_m": 2.5503032500767433,
  "max_error_during_dropout_m": 0.8194896463053518,
  "dropout_recovery_time_s": 0.0,
  "nis_mean": 1.7362575884110956,
  "nis_p95": 4.0954882285384935,
  "mean_nees_position": 3.7086986682937564,
  "accepted_updates": 447,
  "rejected_updates": 1,
  "invalid_measurements": 7,
  "residual_mean": 1.016887819482442,
  "residual_std": 1.3512328616512472,
  "mean_covariance_trace": 2.129511918286206,
  "final_covariance_trace": 0.9906927550369281,
  "diverged": false,
  "updates_by_sensor": {
    "gps": {
      "accepted": 43,
      "rejected": 1
    },
    "barometer": {
      "accepted": 251,
      "rejected": 0
    },
    "range": {
      "accepted": 153,
      "rejected": 0
    }
  },
  "filter": "ekf",
  "profile": "nominal",
  "mode": "ekf"
}