{
  "position_rmse_m": 4.363735059891898,
  "velocity_rmse_mps": 1.9466589508464458,
  "bias_rmse_mps2": 0.2546433959099835,
  "final_position_error_m": 1.5913693750440778,
  "final_velocity_error_mps": 0.1363569170572794,
  "max_position_error_m": 13.133552692985928,
  "max_error_during_dropout_m": 8.764633712257986,
  "dropout_recovery_time_s": 0.0,
  "nis_mean": 1.0300299459987992,
  "nis_p95": 3.710699969738633,
  "mean_nees_position": 3.470217846731544,
  "accepted_updates": 262,
  "rejected_updates": 0,
  "invalid_measurements": 10,
  "residual_mean": 1.004917864082693,
  "residual_std": 1.5747434580227366,
  "mean_covariance_trace": 22.34970816132632,
  "final_covariance_trace": 2.7536053509664877,
  "diverged": false,
  "updates_by_sensor": {
    "gps": {
      "accepted": 36,
      "rejected": 0
    },
    "barometer": {
      "accepted": 226,
      "rejected": 0
    }
  },
  "filter": "ekf",
  "profile": "nominal",
  "mode": "ekf"
}