{
  "position_rmse_m": 4.091353944662981,
  "velocity_rmse_mps": 1.6706809509235887,
  "bias_rmse_mps2": 0.20887948926488217,
  "final_position_error_m": 1.4138377835345004,
  "final_velocity_error_mps": 0.10181861729654422,
  "max_position_error_m": 12.28366785868183,
  "max_error_during_dropout_m": 8.024386003385496,
  "dropout_recovery_time_s": 0.0,
  "nis_mean": 0.5643862702660634,
  "nis_p95": 2.1563833519385014,
  "mean_nees_position": 1.9404606264383029,
  "accepted_updates": 262,
  "rejected_updates": 0,
  "invalid_measurements": 10,
  "residual_mean": 1.002082195856784,
  "residual_std": 1.5248668133569225,
  "mean_covariance_trace": 75.5995750330203,
  "final_covariance_trace": 5.576821767489514,
  "diverged": false,
  "updates_by_sensor": {
    "gps": {
      "accepted": 36,
      "rejected": 0
    },
    "barometer": {
      "accepted": 226,
      "rejected": 0
    }
  },
  "filter": "ekf",
  "profile": "dropout_robust",
  "mode": "ekf"
}