{
  "name": "dropout",
  "samples": 901,
  "measurement_count": 1173,
  "filters": [
    "ekf"
  ],
  "profiles_requested": [
    "nominal",
    "dropout_robust"
  ],
  "results": [
    {
      "position_rmse_m": 4.363735059891898,
      "velocity_rmse_mps": 1.9466589508464458,
      "bias_rmse_mps2": 0.2546433959099835,
      "final_position_error_m": 1.5913693750440778,
      "final_velocity_error_mps": 0.1363569170572794,
      "max_position_error_m": 13.133552692985928,
      "max_error_during_dropout_m": 8.764633712257986,
      "dropout_recovery_time_s": 0.0,
      "nis_mean": 1.0300299459987992,
      "nis_p95": 3.710699969738633,
      "mean_nees_position": 3.470217846731544,
      "accepted_updates": 262,
      "rejected_updates": 0,
      "invalid_measurements": 10,
      "residual_mean": 1.004917864082693,
      "residual_std": 1.5747434580227366,
      "mean_covariance_trace": 22.34970816132632,
      "final_covariance_trace": 2.7536053509664877,
      "diverged": false,
      "updates_by_sensor": {
        "gps": {
          "accepted": 36,
          "rejected": 0
        },
        "barometer": {
          "accepted": 226,
          "rejected": 0
        }
      },
      "filter": "ekf",
      "profile": "nominal",
      "mode": "ekf"
    },
    {
      "position_rmse_m": 4.091353944662981,
      "velocity_rmse_mps": 1.6706809509235887,
      "bias_rmse_mps2": 0.20887948926488217,
      "final_position_error_m": 1.4138377835345004,
      "final_velocity_error_mps": 0.10181861729654422,
      "max_position_error_m": 12.28366785868183,
      "max_error_during_dropout_m": 8.024386003385496,
      "dropout_recovery_time_s": 0.0,
      "nis_mean": 0.5643862702660634,
      "nis_p95": 2.1563833519385014,
      "mean_nees_position": 1.9404606264383029,
      "accepted_updates": 262,
      "rejected_updates": 0,
      "invalid_measurements": 10,
      "residual_mean": 1.002082195856784,
      "residual_std": 1.5248668133569225,
      "mean_covariance_trace": 75.5995750330203,
      "final_covariance_trace": 5.576821767489514,
      "diverged": false,
      "updates_by_sensor": {
        "gps": {
          "accepted": 36,
          "rejected": 0
        },
        "barometer": {
          "accepted": 226,
          "rejected": 0
        }
      },
      "filter": "ekf",
      "profile": "dropout_robust",
      "mode": "ekf"
    }
  ],
  "profiles": [
    {
      "position_rmse_m": 4.363735059891898,
      "velocity_rmse_mps": 1.9466589508464458,
      "bias_rmse_mps2": 0.2546433959099835,
      "final_position_error_m": 1.5913693750440778,
      "final_velocity_error_mps": 0.1363569170572794,
      "max_position_error_m": 13.133552692985928,
      "max_error_during_dropout_m": 8.764633712257986,
      "dropout_recovery_time_s": 0.0,
      "nis_mean": 1.0300299459987992,
      "nis_p95": 3.710699969738633,
      "mean_nees_position": 3.470217846731544,
      "accepted_updates": 262,
      "rejected_updates": 0,
      "invalid_measurements": 10,
      "residual_mean": 1.004917864082693,
      "residual_std": 1.5747434580227366,
      "mean_covariance_trace": 22.34970816132632,
      "final_covariance_trace": 2.7536053509664877,
      "diverged": false,
      "updates_by_sensor": {
        "gps": {
          "accepted": 36,
          "rejected": 0
        },
        "barometer": {
          "accepted": 226,
          "rejected": 0
        }
      },
      "filter": "ekf",
      "profile": "nominal",
      "mode": "ekf"
    },
    {
      "position_rmse_m": 4.091353944662981,
      "velocity_rmse_mps": 1.6706809509235887,
      "bias_rmse_mps2": 0.20887948926488217,
      "final_position_error_m": 1.4138377835345004,
      "final_velocity_error_mps": 0.10181861729654422,
      "max_position_error_m": 12.28366785868183,
      "max_error_during_dropout_m": 8.024386003385496,
      "dropout_recovery_time_s": 0.0,
      "nis_mean": 0.5643862702660634,
      "nis_p95": 2.1563833519385014,
      "mean_nees_position": 1.9404606264383029,
      "accepted_updates": 262,
      "rejected_updates": 0,
      "invalid_measurements": 10,
      "residual_mean": 1.002082195856784,
      "residual_std": 1.5248668133569225,
      "mean_covariance_trace": 75.5995750330203,
      "final_covariance_trace": 5.576821767489514,
      "diverged": false,
      "updates_by_sensor": {
        "gps": {
          "accepted": 36,
          "rejected": 0
        },
        "barometer": {
          "accepted": 226,
          "rejected": 0
        }
      },
      "filter": "ekf",
      "profile": "dropout_robust",
      "mode": "ekf"
    }
  ],
  "best_result": "ekf_dropout_robust",
  "best_profile": "dropout_robust"
}