{
  "position_rmse_m": 1.494574744010066,
  "velocity_rmse_mps": 0.20575674615541326,
  "bias_rmse_mps2": 0.038733460788881215,
  "final_position_error_m": 0.7028923837436887,
  "final_velocity_error_mps": 0.12879216491464068,
  "max_position_error_m": 3.784986450078916,
  "max_error_during_dropout_m": 2.9533335132220313,
  "dropout_recovery_time_s": 0.0,
  "nis_mean": 1.3638987962335725,
  "nis_p95": 2.29700418290632,
  "mean_nees_position": 1.0923483756141341,
  "accepted_updates": 352,
  "rejected_updates": 1,
  "invalid_measurements": 9,
  "residual_mean": 1.170347749337646,
  "residual_std": 3.211001435432411,
  "mean_covariance_trace": 5.868611186728516,
  "final_covariance_trace": 2.5752154313069058,
  "diverged": false,
  "updates_by_sensor": {
    "gps": {
      "accepted": 51,
      "rejected": 1
    },
    "barometer": {
      "accepted": 301,
      "rejected": 0
    }
  },
  "filter": "ekf",
  "profile": "conservative",
  "mode": "linear"
}