{
  "position_rmse_m": 2.1374040564617074,
  "velocity_rmse_mps": 0.7608295726480064,
  "bias_rmse_mps2": 0.08059133087491717,
  "final_position_error_m": 1.2471921566655275,
  "final_velocity_error_mps": 0.15171019689495097,
  "max_position_error_m": 6.5297477377035165,
  "max_error_during_dropout_m": 4.797006772798211,
  "dropout_recovery_time_s": 0.0,
  "nis_mean": 2.2144678236056388,
  "nis_p95": 3.691521829193558,
  "mean_nees_position": 2.066455043971643,
  "accepted_updates": 352,
  "rejected_updates": 1,
  "invalid_measurements": 9,
  "residual_mean": 1.050155084689483,
  "residual_std": 2.655539321817647,
  "mean_covariance_trace": 9.497737982411731,
  "final_covariance_trace": 2.477730613377013,
  "diverged": false,
  "updates_by_sensor": {
    "gps": {
      "accepted": 51,
      "rejected": 1
    },
    "barometer": {
      "accepted": 301,
      "rejected": 0
    }
  },
  "filter": "ekf",
  "profile": "nominal",
  "mode": "ekf"
}