{
  "position_rmse_m": 3.5278312407080374,
  "velocity_rmse_mps": 1.911492698249947,
  "bias_rmse_mps2": 0.25320515298588914,
  "final_position_error_m": 1.4450682636181809,
  "final_velocity_error_mps": 0.08525052080727911,
  "max_position_error_m": 13.133552692985928,
  "max_error_during_dropout_m": 0.0,
  "dropout_recovery_time_s": 0.0,
  "nis_mean": 1.0582792097505678,
  "nis_p95": 3.8418074952725036,
  "mean_nees_position": 3.68075270002096,
  "accepted_updates": 272,
  "rejected_updates": 0,
  "invalid_measurements": 0,
  "residual_mean": 1.0370854372511857,
  "residual_std": 1.4772342116542705,
  "mean_covariance_trace": 7.985555934738872,
  "final_covariance_trace": 2.551929317764239,
  "diverged": false,
  "updates_by_sensor": {
    "gps": {
      "accepted": 46,
      "rejected": 0
    },
    "barometer": {
      "accepted": 226,
      "rejected": 0
    }
  },
  "filter": "ekf",
  "profile": "nominal",
  "mode": "ekf"
}