{
  "position_rmse_m": 0.8362519733440038,
  "velocity_rmse_mps": 0.08827760435015075,
  "bias_rmse_mps2": 0.049414865524731046,
  "final_position_error_m": 1.034934744993964,
  "final_velocity_error_mps": 0.08757864904124332,
  "max_position_error_m": 1.165480245001905,
  "max_error_during_dropout_m": 1.081827060079696,
  "dropout_recovery_time_s": 0.0,
  "nis_mean": 1.1189514440344923,
  "nis_p95": 3.4068712013556715,
  "mean_nees_position": 4.1275470203858555,
  "accepted_updates": 414,
  "rejected_updates": 0,
  "invalid_measurements": 25,
  "residual_mean": 1.7727135579739302,
  "residual_std": 9.267945258408261,
  "mean_covariance_trace": 0.7329122612177085,
  "final_covariance_trace": 0.40196760003122123,
  "diverged": false,
  "updates_by_sensor": {
    "barometer": {
      "accepted": 145,
      "rejected": 0
    },
    "doppler": {
      "accepted": 109,
      "rejected": 0
    },
    "gnss": {
      "accepted": 160,
      "rejected": 0
    }
  },
  "filter": "robust",
  "profile": "nominal",
  "mode": "ekf"
}