{
  "position_rmse_m": 0.9139774037606784,
  "velocity_rmse_mps": 0.0941556912603876,
  "bias_rmse_mps2": 0.050705023583269074,
  "final_position_error_m": 1.0780494246194698,
  "final_velocity_error_mps": 0.08685524416608281,
  "max_position_error_m": 1.3004382264279835,
  "max_error_during_dropout_m": 1.1328833880148679,
  "dropout_recovery_time_s": 0.0,
  "nis_mean": 44.48802583904976,
  "nis_p95": 5.604594805332723,
  "mean_nees_position": 5.014876387071419,
  "accepted_updates": 409,
  "rejected_updates": 5,
  "invalid_measurements": 25,
  "residual_mean": 1.7729883747638608,
  "residual_std": 9.267493629774723,
  "mean_covariance_trace": 0.6877580589459904,
  "final_covariance_trace": 0.38383640256541995,
  "diverged": false,
  "updates_by_sensor": {
    "barometer": {
      "accepted": 145,
      "rejected": 0
    },
    "doppler": {
      "accepted": 109,
      "rejected": 0
    },
    "gnss": {
      "accepted": 155,
      "rejected": 5
    }
  },
  "filter": "adaptive",
  "profile": "nominal",
  "mode": "ekf"
}