{
  "position_rmse_m": 0.8696697093676292,
  "velocity_rmse_mps": 0.12137171038958461,
  "bias_rmse_mps2": 0.05015454228388494,
  "final_position_error_m": 1.1373135760331878,
  "final_velocity_error_mps": 0.1484348744239829,
  "max_position_error_m": 1.2719312243480576,
  "max_error_during_dropout_m": 1.205427642293603,
  "dropout_recovery_time_s": 0.0,
  "nis_mean": 27.043249549639427,
  "nis_p95": 4.562908797391974,
  "mean_nees_position": 3.6969941233242447,
  "accepted_updates": 409,
  "rejected_updates": 5,
  "invalid_measurements": 25,
  "residual_mean": 1.776217536712811,
  "residual_std": 9.263519571760874,
  "mean_covariance_trace": 0.7905391968267639,
  "final_covariance_trace": 0.7076525117251945,
  "diverged": false,
  "updates_by_sensor": {
    "barometer": {
      "accepted": 145,
      "rejected": 0
    },
    "doppler": {
      "accepted": 109,
      "rejected": 0
    },
    "gnss": {
      "accepted": 155,
      "rejected": 5
    }
  },
  "filter": "ekf",
  "profile": "dropout_robust",
  "mode": "ekf"
}