{
  "position_rmse_m": 0.8701447704454502,
  "velocity_rmse_mps": 0.09316331794926379,
  "bias_rmse_mps2": 0.050672047898646266,
  "final_position_error_m": 1.0798478130892128,
  "final_velocity_error_mps": 0.08091036286877408,
  "max_position_error_m": 1.3004382264279835,
  "max_error_during_dropout_m": 1.1707336448098196,
  "dropout_recovery_time_s": 0.0,
  "nis_mean": 27.32279338759694,
  "nis_p95": 5.355100716771481,
  "mean_nees_position": 4.488554770417824,
  "accepted_updates": 409,
  "rejected_updates": 5,
  "invalid_measurements": 25,
  "residual_mean": 1.7711184818747996,
  "residual_std": 9.265968593122029,
  "mean_covariance_trace": 0.7058901572231981,
  "final_covariance_trace": 0.3958389406211803,
  "diverged": false,
  "updates_by_sensor": {
    "barometer": {
      "accepted": 145,
      "rejected": 0
    },
    "doppler": {
      "accepted": 109,
      "rejected": 0
    },
    "gnss": {
      "accepted": 155,
      "rejected": 5
    }
  },
  "filter": "ekf",
  "profile": "nominal",
  "mode": "ekf"
}