{
  "position_rmse_m": 0.9154294808475999,
  "velocity_rmse_mps": 0.12987177194067698,
  "bias_rmse_mps2": 0.051740779528161966,
  "final_position_error_m": 1.1223033325290483,
  "final_velocity_error_mps": 0.16826358014907594,
  "max_position_error_m": 1.2719312243480576,
  "max_error_during_dropout_m": 1.1922676050007763,
  "dropout_recovery_time_s": 0.0,
  "nis_mean": 59.062721984646146,
  "nis_p95": 6.130205176468749,
  "mean_nees_position": 5.64391939865869,
  "accepted_updates": 409,
  "rejected_updates": 5,
  "invalid_measurements": 25,
  "residual_mean": 1.7793471356187482,
  "residual_std": 9.26318253950809,
  "mean_covariance_trace": 0.6501167754408135,
  "final_covariance_trace": 0.5125544422391778,
  "diverged": false,
  "updates_by_sensor": {
    "barometer": {
      "accepted": 145,
      "rejected": 0
    },
    "doppler": {
      "accepted": 109,
      "rejected": 0
    },
    "gnss": {
      "accepted": 155,
      "rejected": 5
    }
  },
  "filter": "adaptive",
  "profile": "dropout_robust",
  "mode": "ekf"
}