{
  "position_rmse_m": 1.172397935700836,
  "velocity_rmse_mps": 0.19724326782623922,
  "bias_rmse_mps2": 0.07733496970780436,
  "final_position_error_m": 1.0407241024254175,
  "final_velocity_error_mps": 0.12597576592963278,
  "max_position_error_m": 2.8591735148022277,
  "max_error_during_dropout_m": 0.0,
  "dropout_recovery_time_s": -14.0,
  "nis_mean": 1.9754319928433441,
  "nis_p95": 5.476440295260537,
  "mean_nees_position": 2.826079140815396,
  "accepted_updates": 90,
  "rejected_updates": 0,
  "invalid_measurements": 0,
  "residual_mean": 1.5528538687716358,
  "residual_std": 1.2986625645411676,
  "mean_covariance_trace": 1.5383562028866506,
  "final_covariance_trace": 0.7554730557748347,
  "diverged": false,
  "updates_by_sensor": {
    "gps": {
      "accepted": 45,
      "rejected": 0
    },
    "barometer": {
      "accepted": 45,
      "rejected": 0
    }
  },
  "filter": "linear",
  "profile": "nominal",
  "mode": "ekf"
}