{
  "position_rmse_m": 3.392006856192951,
  "velocity_rmse_mps": 0.20477372290253,
  "bias_rmse_mps2": 0.0363242227031292,
  "final_position_error_m": 1.9428636390041851,
  "final_velocity_error_mps": 0.17921783307042302,
  "max_position_error_m": 6.419173060294647,
  "max_error_during_dropout_m": 4.4123875712923715,
  "dropout_recovery_time_s": 0.0,
  "nis_mean": 0.7387825830344495,
  "nis_p95": 2.7311282275747457,
  "mean_nees_position": 4.6522089955825745,
  "accepted_updates": 501,
  "rejected_updates": 0,
  "invalid_measurements": 29,
  "residual_mean": 0.467023163793879,
  "residual_std": 0.8961648504173315,
  "mean_covariance_trace": 6.18169017707926,
  "final_covariance_trace": 1.9482529263969839,
  "diverged": false,
  "updates_by_sensor": {
    "gps": {
      "accepted": 14,
      "rejected": 0
    },
    "barometer": {
      "accepted": 69,
      "rejected": 0
    },
    "doppler": {
      "accepted": 163,
      "rejected": 0
    },
    "radar": {
      "accepted": 255,
      "rejected": 0
    }
  },
  "filter": "robust",
  "profile": "dropout_robust",
  "mode": "ekf"
}