{
  "position_rmse_m": 3.643153405400377,
  "velocity_rmse_mps": 0.20642592464387313,
  "bias_rmse_mps2": 0.04047733745718331,
  "final_position_error_m": 2.6909133781094567,
  "final_velocity_error_mps": 0.16378505103414476,
  "max_position_error_m": 6.921206747990278,
  "max_error_during_dropout_m": 4.205799180726056,
  "dropout_recovery_time_s": 0.0,
  "nis_mean": 2.8895203319327147,
  "nis_p95": 5.906938419902983,
  "mean_nees_position": 16.477579400477268,
  "accepted_updates": 496,
  "rejected_updates": 5,
  "invalid_measurements": 29,
  "residual_mean": 0.47792192171906095,
  "residual_std": 0.9286252495365127,
  "mean_covariance_trace": 2.8604352136921607,
  "final_covariance_trace": 0.7377104819761461,
  "diverged": false,
  "updates_by_sensor": {
    "gps": {
      "accepted": 14,
      "rejected": 0
    },
    "barometer": {
      "accepted": 69,
      "rejected": 0
    },
    "doppler": {
      "accepted": 161,
      "rejected": 2
    },
    "radar": {
      "accepted": 252,
      "rejected": 3
    }
  },
  "filter": "adaptive",
  "profile": "nominal",
  "mode": "ekf"
}