{
  "position_rmse_m": 3.8337899911743034,
  "velocity_rmse_mps": 0.20598646218297167,
  "bias_rmse_mps2": 0.039998628389599056,
  "final_position_error_m": 2.859645080200781,
  "final_velocity_error_mps": 0.15870130755266673,
  "max_position_error_m": 6.92205962155849,
  "max_error_during_dropout_m": 4.5246763175685345,
  "dropout_recovery_time_s": 0.0,
  "nis_mean": 2.832462511989433,
  "nis_p95": 3.5802415131991308,
  "mean_nees_position": 12.76930607585715,
  "accepted_updates": 496,
  "rejected_updates": 5,
  "invalid_measurements": 29,
  "residual_mean": 0.4798616646803312,
  "residual_std": 0.9425724361050875,
  "mean_covariance_trace": 3.4485072392108336,
  "final_covariance_trace": 1.029127493334751,
  "diverged": false,
  "updates_by_sensor": {
    "gps": {
      "accepted": 14,
      "rejected": 0
    },
    "barometer": {
      "accepted": 69,
      "rejected": 0
    },
    "doppler": {
      "accepted": 161,
      "rejected": 2
    },
    "radar": {
      "accepted": 252,
      "rejected": 3
    }
  },
  "filter": "ekf",
  "profile": "nominal",
  "mode": "ekf"
}